city_name,state_name,state_code,age_median,popul_male,popul_female,household_size_ave,popul_total,share_female,popul_density,lat,lng
Abilene,Texas,TX,31.3,326060,303320,2.64,629380,0.48,324.98,32.429644999999994,-99.75714999999998
Akron,Ohio,OH,38.1,484430,503335,2.24,987765,0.51,1106.74,41.07472823529412,-81.53512411764706
Alafaya,Florida,FL,33.5,158016,183040,2.94,341056,0.54,,,
Alameda,California,CA,41.4,188735,204335,2.52,393070,0.52,2613.15,37.755975,-122.257705
Albany,Georgia,GA,33.3,158475,197070,2.38,355545,0.55,226.85,31.540405,-84.1796925
Albany,New York,NY,32.8,238135,254125,2.08,492260,0.52,1885.05,42.67237454545455,-73.78597
Albuquerque,New Mexico,NM,36.0,1366615,1429040,2.49,2795655,0.51,998.42,35.10680352941177,-106.61069588235294
Alexandria,Virginia,VA,36.6,374945,392610,2.2,767555,0.51,2903.56,38.79069928571429,-77.0942592857143
Alhambra,California,CA,41.0,210920,216940,2.89,427860,0.51,4173.8,34.082835,-118.13689
Allen,Pennsylvania,PA,33.5,303130,297905,2.67,601035,0.5,,,
Allen,Texas,TX,37.2,256620,234070,3.04,490690,0.48,917.1,33.10216,-96.650815
Amarillo,Texas,TX,33.8,496955,501300,2.64,998255,0.5,655.37,35.22923333333333,-101.84568133333333
Ames,Iowa,IA,23.0,135256,124952,2.16,260208,0.48,3348.08,42.033345,-93.64112
Anaheim,California,CA,33.6,898015,855675,3.45,1753690,0.49,3132.54,33.83515428571429,-117.87954428571429
Anchorage,Alaska,AK,32.2,764725,728750,2.77,1493475,0.49,782.11,62.04245214285714,-150.79501142857143
Ann Arbor,Michigan,MI,28.1,293945,291405,2.17,585350,0.5,1109.88,42.272316000000004,-83.74462399999999
Antioch,California,CA,34.0,273665,279045,3.31,552710,0.5,1562.55,37.98126499999999,-121.794205
Apple Valley,California,CA,34.3,164365,196560,3.03,360925,0.54,131.8,34.50666,-117.149365
Appleton,Wisconsin,WI,35.6,186085,190190,2.49,376275,0.51,773.78,44.2823725,-88.4033325
Arden-Arcade,California,CA,41.5,237980,243400,2.18,481380,0.51,,,
Arlington,Texas,TX,32.6,955300,985310,2.89,1940610,0.51,1622.44,32.698839166666666,-97.12218416666667
Arlington,Virginia,VA,34.4,569905,575915,2.19,1145820,0.5,3968.99,38.877066,-77.10271300000001
Arlington Heights,Illinois,IL,45.9,150508,157476,2.38,307984,0.51,1767.45,42.087950000000006,-87.98238
Arvada,Colorado,CO,41.0,274350,300825,2.49,575175,0.52,1271.02,39.830646,-105.12448199999999
Asheville,North Carolina,NC,37.9,210500,232035,2.18,442535,0.52,492.58,35.591496,-82.54777
Atascocita,Texas,TX,32.8,187120,204080,3.03,391200,0.52,,,
Athens-Clarke County unified government,Georgia,GA,26.5,287075,325740,2.44,612815,0.53,,,
Atlanta,Georgia,GA,33.8,1119800,1199575,2.15,2319375,0.52,1966.58,33.797445749999994,-84.3843125
Auburn,Washington,WA,37.1,184185,198715,2.73,382900,0.52,970.53,47.301989999999996,-122.20343000000001
Augusta-Richmond County consolidated government,Georgia,GA,33.7,473310,509585,2.67,982895,0.52,,,
Aurora,Colorado,CO,34.2,889495,904855,2.82,1794350,0.5,1475.01,39.69556090909091,-104.78148727272728
Aurora,Illinois,IL,31.7,509820,508755,3.3,1018575,0.5,1644.38,41.756150000000005,-88.28263999999999
Austin,Texas,TX,32.7,2378590,2280610,2.5,4659200,0.49,1263.72,30.3043134090909,-97.76760613636363
Avondale,Arizona,AZ,29.1,193560,209855,3.18,403415,0.52,1253.25,33.448595,-112.31772000000001
Bakersfield,California,CA,30.6,910770,957365,3.2299999999999995,1868135,0.51,986.21,35.35055272727273,-119.03045909090908
Baldwin Park,California,CA,35.8,193735,191545,4.13,385280,0.5,2211.1,34.09641,-117.96816
Baltimore,Maryland,MD,34.7,1470135,1639110,2.51,3109245,0.53,3253.68,39.31191826086957,-76.62089217391303
Baton Rouge,Louisiana,LA,31.2,557460,585520,2.52,1142980,0.51,717.02,30.44671105263158,-91.10703315789476
Bay,Texas,TX,32.9,189885,187540,2.59,377425,0.5,,,
Bayamón,Puerto Rico,PR,39.4,80128,90131,,170259,0.53,,,
Bayonne,New Jersey,NJ,39.7,130820,134392,2.62,265212,0.51,4297.2,40.66464,-74.10867
Beaumont,Texas,TX,31.6,286630,303920,2.47,590550,0.51,556.31,30.06882125,-94.15990500000001
Beaverton,Oregon,OR,35.6,236625,246260,2.46,482885,0.51,1930.18,45.48064,-122.8367975
Bellevue,Washington,WA,37.4,353815,345255,2.43,699070,0.49,1743.82,47.602162,-122.15603400000002
Bellflower,California,CA,33.4,194680,197490,3.5799999999999996,392170,0.5,4878.4,33.88802,-118.12706
Bellingham,Washington,WA,30.7,206430,219285,2.44,425715,0.52,665.5,48.74971,-122.44644666666666
Bend,Oregon,OR,37.3,211470,223615,2.39,435085,0.51,105.43,43.94642000000001,-121.35662333333335
Berkeley,California,CA,32.5,300710,304145,2.35,604855,0.5,4296.84,37.87588666666667,-122.26934111111112
Bethlehem,Pennsylvania,PA,35.1,143444,154024,2.46,297468,0.52,892.3,40.63642399999999,-75.374586
Billings,Montana,MT,36.3,263525,287825,2.4,551350,0.52,359.38,45.770087499999995,-108.53904
Birmingham,Alabama,AL,35.6,510610,563945,2.21,1074555,0.52,796.28,33.50516999999999,-86.80031833333332
Bismarck,North Dakota,ND,38.0,173375,177825,2.11,351200,0.51,170.25,46.8165675,-100.7278925
Bk,California,CA,37.0,252025,274545,2.52,526570,0.52,,,
Bloomington,Illinois,IL,35.1,189860,201615,2.34,391475,0.52,684.97,40.46908333333334,-88.97955999999999
Bloomington,Indiana,IN,23.5,202940,216135,2.33,419075,0.52,1763.12,39.16105,-86.52515666666666
Bloomington,Minnesota,MN,40.9,216590,215590,2.3,432180,0.5,,,
Boca Raton,Florida,FL,47.3,223800,242330,2.22,466130,0.52,1321.0,26.372866666666667,-80.14629888888888
Boise,Idaho,ID,34.9,550495,540905,2.61,1091400,0.5,866.44,43.60689888888889,-116.20265555555554
Bolingbrook,Illinois,IL,33.7,181475,179005,3.4200000000000004,360480,0.5,1080.95,41.687484999999995,-88.109755
Bossier City,Louisiana,LA,32.7,167140,173345,2.4,340485,0.51,342.25,32.512025,-93.66958500000001
Boston,Massachusetts,MA,31.8,1610745,1736600,2.38,3347345,0.52,10651.41,42.35421428571429,-71.07115785714284
Boulder,Colorado,CO,29.0,281710,255000,2.24,536710,0.48,1575.28,40.01426,-105.26384
Boynton Beach,Florida,FL,45.8,134804,161084,2.45,295888,0.54,1292.95,26.522878333333328,-80.12994666666667
Brandon,Florida,FL,36.1,278395,291445,2.64,569840,0.51,1480.6,27.932885,-82.29737
Brentwood,New York,NY,34.2,156975,161985,4.98,318960,0.51,2247.5,40.78378,-73.25225
Bridgeport,Connecticut,CT,34.1,357545,380550,2.86,738095,0.52,3682.43,41.186296666666664,-73.19068333333333
Brockton,Massachusetts,MA,35.2,231365,245205,2.88,476570,0.51,1682.95,42.082875,-71.02047999999999
Broken Arrow,Oklahoma,OK,36.8,260680,277295,2.77,537975,0.52,530.63,36.03173,-95.76317
Brooklyn Park,Minnesota,MN,35.1,189225,206525,2.85,395750,0.52,,,
Broomfield,Colorado,CO,36.8,158775,166550,2.53,325325,0.51,759.4,39.931733333333334,-105.06664333333333
Brownsville,Texas,TX,30.6,438445,480995,3.4799999999999995,919440,0.52,486.0,25.96845,-97.43708
Bryan,Texas,TX,29.4,208805,201725,2.55,410530,0.49,741.52,30.689808,-96.373186
Buena Park,California,CA,35.7,207965,208355,3.55,416320,0.5,3056.95,33.8602,-118.0026
Buffalo,New York,NY,33.1,622685,667645,2.27,1290330,0.52,2091.61,42.91301607142857,-78.82895535714285
Caguas,Puerto Rico,PR,40.4,69486,84530,,154016,0.55,841.9,18.216765000000002,-66.058155
Camarillo,California,CA,40.8,159705,178410,2.77,338115,0.53,534.55,34.216555,-119.036295
Cambridge,Massachusetts,MA,31.5,277105,274905,2.06,552010,0.5,7204.24,42.373556,-71.10711799999999
Camden,New Jersey,NJ,27.9,145748,158776,3.0,304524,0.52,3167.32,39.9390025,-75.1093625
Canton,Ohio,OH,33.4,137904,149676,2.32,287580,0.52,959.0,40.815865,-81.38172833333333
Cape Coral,Florida,FL,45.0,428130,448020,2.85,876150,0.51,799.18,26.63039333333333,-81.98364666666667
Carlsbad,California,CA,42.1,275595,291735,2.68,567330,0.51,1144.47,33.12608,-117.2856625
Carmel,Indiana,IN,39.9,171712,184404,2.71,356116,0.52,823.5,39.97235,-86.12826000000001
Carmichael,California,CA,41.0,146405,169670,2.39,316075,0.54,1855.9,38.62583,-121.32829
Carolina,Puerto Rico,PR,42.0,129516,154616,,284132,0.54,2804.54,18.402411999999998,-65.97531
Carrollton,Texas,TX,36.9,334640,331090,2.78,665730,0.5,1487.6,33.00025,-96.89696333333332
Carson,California,CA,40.4,218950,247530,3.7,466480,0.53,1479.4,33.8477,-118.25699333333334
Cary,North Carolina,NC,39.9,394660,407910,2.61,802570,0.51,1011.12,35.77559,-78.8118625
Casas Adobes,Arizona,AZ,44.8,154450,171875,2.24,326325,0.53,,,
Cedar Park,Texas,TX,34.4,156240,167945,3.05,324185,0.52,1123.8,30.50395,-97.82462
Cedar Rapids,Iowa,IA,36.2,315545,336480,2.32,652025,0.52,552.7,41.98817666666667,-91.67776833333333
Centennial,Colorado,CO,42.4,266110,282520,2.66,548630,0.51,,,
Centreville,Virginia,VA,36.0,173745,185165,2.97,358910,0.52,1119.95,38.836,-77.46871999999999
Champaign,Illinois,IL,28.7,173304,171040,2.25,344344,0.5,1320.97,40.11809,-88.2746
Chandler,Arizona,AZ,35.6,644425,659740,2.78,1304165,0.51,1123.95,33.26909833333333,-111.86902500000001
Charleston,South Carolina,SC,35.0,319780,357840,2.4,677620,0.53,3075.57,32.833798,-79.980128
Charlotte,North Carolina,NC,34.3,1983230,2152375,2.52,4135605,0.52,1031.85,35.20582518518519,-80.82953888888889
Chattanooga,Tennessee,TN,36.6,418200,464785,2.4,882985,0.53,667.45,35.044866666666664,-85.28427733333334
Cheektowaga,New York,NY,40.7,149904,154396,2.3,304300,0.51,,,
Chesapeake,Virginia,VA,36.7,574820,602325,2.73,1177145,0.51,760.27,36.745855,-76.295945
Chicago,Illinois,IL,34.2,6600075,7002705,2.53,13602780,0.51,6328.83,41.86771874999999,-87.6744219642857
Chico,California,CA,29.9,230840,220840,2.5,451680,0.49,722.4,39.77559,-121.84555999999999
Chino,California,CA,36.5,254945,173050,3.62,427995,0.4,904.4,33.97922,-117.662565
Chino Hills,California,CA,41.9,198195,193370,3.05,391565,0.49,911.5,33.96432,-117.73599
Chula Vista,California,CA,34.6,657425,671345,3.3199999999999994,1328770,0.51,1986.6,32.630683999999995,-117.000016
Cicero,Illinois,IL,28.5,215765,203570,3.8899999999999997,419335,0.49,4155.8,41.83783,-87.76014
Cincinnati,Ohio,OH,32.7,718270,774415,2.08,1492685,0.52,1226.52,39.17198377777779,-84.48837555555556
Citrus Heights,California,CA,37.8,209910,225355,2.49,435265,0.52,2327.7,38.695335,-121.290025
Clarksville,Tennessee,TN,29.7,375145,370805,2.64,745950,0.5,292.8,36.52938333333333,-87.32759
Clearwater,Florida,FL,47.0,276125,288770,2.4,564895,0.51,1484.79,27.96136,-82.73717111111111
Cleveland,Ohio,OH,36.0,932180,1008115,2.24,1940295,0.52,1855.7,41.47834310344828,-81.6481679310345
Clifton,New Jersey,NJ,38.5,209660,222045,3.11,431705,0.51,2701.95,40.85663,-74.15321999999999
Clovis,California,CA,37.8,261960,258900,2.76,520860,0.5,1286.37,36.85191,-119.65662999999999
College Station,Texas,TX,22.9,270625,268870,2.52,539495,0.5,1110.0,30.585805,-96.300825
Colorado Springs,Colorado,CO,34.8,1127720,1155090,2.48,2282810,0.51,756.09,38.846594516129024,-104.73870677419353
Columbia,Maryland,MD,37.9,261010,256325,2.68,517335,0.5,1268.43,39.196686666666665,-76.85105333333333
Columbia,Missouri,MO,26.8,282720,312770,2.37,595490,0.53,2776.95,38.939265,-92.3149175
Columbia,South Carolina,SC,28.0,338430,328535,2.32,666965,0.49,3928.6,34.03165499999999,-81.00159000000001
Columbus,Georgia,GA,33.7,493925,508970,2.62,1002895,0.51,768.42,32.48818833333333,-84.95106666666668
Columbus,Ohio,OH,32.5,2069905,2175430,2.4,4245335,0.51,1740.68,39.99649566666667,-82.98631733333332
Compton,California,CA,30.1,246320,245920,4.08,492240,0.5,3891.9,33.8931,-118.22617333333335
Concord,California,CA,39.6,311550,331790,2.72,643340,0.52,1654.25,37.972595,-122.0079225
Concord,North Carolina,NC,35.7,213660,224805,2.72,438465,0.51,289.8,35.394445000000005,-80.601555
Conroe,Texas,TX,31.5,174535,168425,2.65,342960,0.49,327.13,30.277151428571425,-95.41696714285715
Coral Springs,Florida,FL,37.2,316580,330930,3.17,647510,0.51,2372.2,26.258339999999997,-80.263295
Corona,California,CA,37.1,398745,422465,2.97,821210,0.51,947.9,33.84412,-117.54866200000001
Corpus Christi,Texas,TX,35.0,802440,817970,2.69,1620410,0.5,876.11,27.745765000000002,-97.42123333333332
Costa Mesa,California,CA,34.8,295485,270445,2.59,565930,0.48,2916.75,33.663405,-117.91443000000001
Cranston,Rhode Island,RI,39.9,191825,213560,2.56,405385,0.53,1475.53,41.768393333333336,-71.47299333333332
Dale City,Virginia,VA,33.4,179920,177075,3.65,356995,0.5,,,
Dallas,Texas,TX,32.6,3195095,3305315,2.59,6500410,0.51,1820.5,32.810844200000005,-96.8003326
Daly City,California,CA,39.7,269085,263785,3.2599999999999993,532870,0.5,3689.85,37.68606,-122.46398500000001
Danbury,Connecticut,CT,37.3,217175,206135,2.74,423310,0.49,779.45,41.400355,-73.470415
Davenport,Iowa,IA,35.2,250615,262270,2.39,512885,0.51,699.23,41.54829666666666,-90.59781833333335
Davie,Florida,FL,40.8,243770,260700,2.72,504470,0.52,,,
Davis,California,CA,26.3,167465,170815,2.69,338280,0.5,517.85,38.549994999999996,-121.740375
Dayton,Ohio,OH,32.8,333155,369830,2.26,702985,0.53,942.89,39.74574740740741,-84.1742337037037
Dearborn,Michigan,MI,33.5,232410,243490,3.04,475900,0.51,1438.7,42.31282,-83.21602999999999
Decatur,Illinois,IL,40.4,173230,191050,2.23,364280,0.52,437.05,39.84743,-88.97916000000001
Deerfield Beach,Florida,FL,41.4,185775,213070,2.46,398845,0.53,1941.45,26.310650000000003,-80.122135
Delray Beach,Florida,FL,47.9,128876,136168,2.35,265044,0.51,1358.9,26.455752,-80.11412800000001
Deltona,Florida,FL,39.9,224265,218105,2.89,442370,0.49,761.8,28.896155,-81.22029
Denton,Texas,TX,28.7,312390,342845,2.66,655235,0.52,1007.45,33.205126666666665,-97.11999166666665
Denver,Colorado,CO,34.1,1705685,1707040,2.33,3412725,0.5,2223.78,39.74069904761904,-104.9781057142857
Des Moines,Iowa,IA,34.5,518630,532955,2.41,1051585,0.51,1074.82,41.590358333333334,-93.62571916666667
Detroit,Michigan,MI,34.8,1596325,1789295,2.6,3385620,0.53,1673.16,42.36467321428572,-83.10054714285717
Dothan,Alabama,AL,38.9,160860,176820,2.59,337680,0.52,182.4,31.20394,-85.43253666666668
Downey,California,CA,37.3,265030,306025,3.45,571055,0.54,3491.5,33.93992333333333,-118.12980333333333
Duluth,Minnesota,MN,34.7,206355,224275,2.25,430630,0.52,1196.58,46.815054545454544,-92.13339545454545
Durham,North Carolina,NC,33.2,605765,682225,2.4,1287990,0.53,731.21,35.987590000000004,-78.89157999999999
Eagan,Minnesota,MN,36.8,157935,173505,2.49,331440,0.52,,,
East Los Angeles,California,CA,32.6,302300,296030,3.75,598330,0.49,,,
East Orange,New Jersey,NJ,35.5,149975,174835,2.85,324810,0.54,6308.55,40.764025000000004,-74.21243000000001
Eau Claire,Wisconsin,WI,32.0,161635,175530,2.4,337165,0.52,197.85,44.789405,-91.51333500000001
Edinburg,Texas,TX,29.3,118266,135237,3.31,253503,0.53,444.63,26.39308,-98.18391333333334
Edmond,Oklahoma,OK,32.5,225955,224495,2.68,450450,0.5,558.62,35.678028,-97.51405000000001
El Cajon,California,CA,32.7,272250,246190,3.14,518440,0.47,1194.47,32.803373333333326,-116.90650000000001
El Monte,California,CA,37.3,289805,293920,3.6700000000000004,583725,0.5,4159.75,34.076105,-118.027535
El Paso,Texas,TX,33.1,1663985,1741695,3.03,3405680,0.51,968.79,31.75112083333333,-106.18885125000001
Elgin,Illinois,IL,35.7,274260,281120,2.97,555380,0.51,925.5,42.03352,-88.31562000000001
Elizabeth,New Jersey,NJ,34.2,329480,315580,3.18,645060,0.49,5149.93,40.666246666666666,-74.20595666666667
Elk Grove,California,CA,36.1,400285,434165,3.34,834450,0.52,958.97,38.400529999999996,-121.39540333333332
Ellicott City,Maryland,MD,42.4,172030,182630,2.73,354660,0.51,750.2,39.263915,-76.84536
Enterprise,Nevada,NV,34.1,345730,331640,2.89,677370,0.49,,,
Erie,Pennsylvania,PA,35.3,243090,254260,2.31,497350,0.51,1622.49,42.110798461538465,-80.06262153846153
Escondido,California,CA,33.3,382755,374535,3.2700000000000005,757290,0.49,527.85,33.129332500000004,-117.06492750000001
Eugene,Oregon,OR,33.4,395355,421885,2.34,817240,0.52,838.22,44.05748333333333,-123.123965
Evanston,Illinois,IL,36.8,170730,206885,2.29,377615,0.55,3348.23,42.045336666666664,-87.70140666666664
Evansville,Indiana,IN,38.0,285990,302405,2.25,588395,0.51,603.71,37.99924444444444,-87.56431555555554
Everett,Washington,WA,37.0,281060,259000,2.36,540060,0.48,1847.46,47.945622,-122.22339199999999
Fairfield,California,CA,34.7,277750,287110,3.14,564860,0.51,774.05,38.261435,-122.06904
Fall River,Massachusetts,MA,39.3,216570,227280,2.21,443850,0.51,2715.85,41.69604,-71.143715
Fargo,North Dakota,ND,30.7,302800,293450,2.18,596250,0.49,1031.93,46.8664375,-96.82533749999999
Farmington Hills,Michigan,MI,42.1,187635,219025,2.41,406660,0.54,,,
Fayetteville,Arkansas,AR,27.1,209795,204365,2.28,414160,0.49,184.73,36.06777333333333,-94.14211
Fayetteville,North Carolina,NC,30.7,505255,504570,2.5,1009825,0.5,571.21,35.047841250000005,-78.9103075
Federal Way,Washington,WA,36.4,245755,230185,2.68,475940,0.48,1760.2,47.306960000000004,-122.33888
Fishers,Indiana,IN,34.5,168644,175640,2.8,344284,0.51,957.1,39.96387,-85.981975
Flagstaff,Arizona,AZ,23.9,166120,185465,2.55,351585,0.53,1401.55,35.26923,-111.47294
Flint,Michigan,MI,35.3,244920,246565,2.38,491485,0.5,533.66,43.013344,-83.717363
Florence-Graham,California,CA,30.2,102558,96519,4.57,199077,0.48,,,
Flower Mound,Texas,TX,40.2,176000,179120,3.01,355120,0.5,881.95,33.03026,-97.09055000000001
Folsom,California,CA,40.9,205255,176585,2.62,381840,0.46,1090.1,38.66708,-121.14181
Fontana,California,CA,29.5,503220,534140,4.15,1037360,0.51,1607.6,34.09448666666666,-117.46667666666667
Fort Collins,Colorado,CO,29.6,404465,401440,2.45,805905,0.5,587.16,40.559162,-105.06627599999999
Fort Lauderdale,Florida,FL,42.8,469740,423195,2.38,892935,0.47,1754.86,26.126954444444454,-80.23582111111112
Fort Myers,Florida,FL,37.3,147400,148660,2.45,296060,0.5,753.25,26.555116363636373,-81.82825636363636
Fort Smith,Arkansas,AR,34.9,216730,224245,2.44,440975,0.51,587.6,35.341035999999995,-94.38899
Fort Wayne,Indiana,IN,34.7,624075,666645,2.45,1290720,0.52,687.18,41.07857812500001,-85.14313062500001
Fort Worth,Texas,TX,32.6,2070630,2114215,2.88,4184845,0.51,1384.22,32.754799687500004,-97.3338409375
Framingham,Massachusetts,MA,40.3,177210,178840,2.49,356050,0.5,1320.6,42.301955,-71.43602
Franklin,Tennessee,TN,38.3,139964,150576,2.73,290540,0.52,234.67,35.92992666666667,-86.88065666666667
Frederick,Maryland,MD,36.1,165730,181680,2.48,347410,0.52,299.86,39.41109,-77.409232
Fremont,California,CA,38.3,571915,589040,3.12,1160955,0.51,1419.57,37.537502499999995,-121.985405
Fresno,California,CA,30.0,1280650,1319710,3.12,2600360,0.51,1669.97,36.778040000000004,-119.79772944444446
Frisco,Texas,TX,37.2,369945,401995,3.05,771940,0.52,1035.75,33.153645,-96.816535
Fullerton,California,CA,34.5,347745,356500,2.97,704245,0.51,2561.05,33.882365,-117.9260975
Gainesville,Florida,FL,26.0,304015,346650,2.33,650665,0.53,1031.31,29.670491000000005,-82.358292
Gaithersburg,Maryland,MD,35.7,161055,176170,2.73,337225,0.52,1316.04,39.159902,-77.195418
Garden Grove,California,CA,37.8,433895,443025,3.66,876920,0.51,3745.06,33.777058,-117.968264
Garland,Texas,TX,34.5,582030,602150,3.12,1184180,0.51,1653.72,32.908436,-96.635824
Gary,Indiana,IN,38.1,179380,207390,2.35,386770,0.54,733.43,41.580381428571435,-87.34297285714285
Gastonia,North Carolina,NC,36.9,177635,195115,2.67,372750,0.52,444.17,35.23457666666666,-81.16968666666666
German,Maryland,MD,34.9,205575,215035,2.95,420610,0.51,,,
Gilbert,Arizona,AZ,33.2,583555,654060,3.2,1237615,0.53,1346.6,33.31286166666667,-111.74857333333334
Glen Burnie,Maryland,MD,36.5,166990,182305,2.58,349295,0.52,1394.45,39.164874999999995,-76.606735
Glendale,Arizona,AZ,34.4,583975,616595,2.89,1200570,0.51,1641.63,33.58638555555555,-112.20632888888889
Glendale,California,CA,42.1,490905,514220,2.69,1005125,0.51,4260.64,34.1606,-118.2545777777778
Goodyear,Arizona,AZ,38.6,183555,211460,2.97,395015,0.54,543.35,33.426285,-112.40123
Grand Prairie,Texas,TX,33.1,454055,484720,3.18,938775,0.52,1058.4,32.68954,-97.01667249999998
Grand Rapids,Michigan,MI,32.1,478345,497150,2.56,975495,0.51,1153.01,42.950604999999996,-85.64740083333334
Greeley,Colorado,CO,31.0,253960,250455,2.75,504415,0.5,414.65,40.42209,-104.7344
Green Bay,Wisconsin,WI,32.9,262585,263520,2.37,526105,0.5,1496.1,44.508919999999996,-88.02265285714286
Greensboro,North Carolina,NC,35.5,661255,765465,2.36,1426720,0.54,759.98,36.08421,-79.82543444444445
Greenville,North Carolina,NC,26.2,199485,253455,2.4,452940,0.56,252.2,35.595315,-77.34092
Gresham,Oregon,OR,36.7,269330,283580,2.67,552910,0.51,1375.8,45.493719999999996,-122.410715
Guaynabo,Puerto Rico,PR,42.2,66132,74852,,140984,0.53,2504.38,18.386208,-66.11206200000001
Gulfport,Mississippi,MS,35.1,132432,155056,2.54,287488,0.54,541.27,30.41997333333333,-89.09762666666666
Hammond,Indiana,IN,36.0,194615,193435,2.61,388050,0.5,1287.4,41.611345,-87.4914225
Hampton,Virginia,VA,35.5,331070,351200,2.48,682270,0.51,1062.1,37.052600000000005,-76.35077833333334
Harlingen,Texas,TX,30.100000000000005,97212,100095,3.0,197307,0.51,255.25,26.225915,-97.70848
Hartford,Connecticut,CT,31.0,290210,329860,2.59,620070,0.53,2199.49,41.76849857142857,-72.68513571428572
Hawthorne,California,CA,33.7,218410,223810,2.97,442220,0.51,5598.4,33.91436,-118.34931
Hayward,California,CA,34.3,390760,400740,3.3199999999999994,791500,0.51,1955.0,37.645675,-122.0746475
Hemet,California,CA,36.8,193110,226255,2.97,419365,0.54,494.2,33.69138,-116.96434
Henderson,Nevada,NV,42.5,697060,731230,2.55,1428290,0.51,1102.84,36.01105,-115.03461125
Hesperia,California,CA,29.4,217940,248490,3.5200000000000005,466430,0.53,310.3,34.386645,-117.35753
Hialeah,Florida,FL,43.0,446120,502208,3.31,948328,0.53,3541.43,25.889631428571427,-80.31198571428571
High Point,North Carolina,NC,35.5,258755,290385,2.65,549140,0.53,554.62,35.9587775,-79.9988
Highlands Ranch,Colorado,CO,39.6,245930,266405,2.72,512335,0.52,,,
Hillsboro,Oregon,OR,35.3,254630,257170,2.68,511800,0.5,423.95,45.50473,-122.965285
Hollywood,Florida,FL,41.4,376790,371815,2.65,748605,0.5,2265.41,26.008117777777773,-80.25041777777777
Homestead,Florida,FL,31.399999999999995,94203,105297,3.48,199500,0.53,560.9,25.461532857142856,-80.46273571428571
Hoover,Alabama,AL,38.5,152160,187196,2.58,339356,0.55,,,
Houston,Texas,TX,32.6,5748430,5744710,2.66,11493140,0.5,1828.05,29.77529783505154,-95.41477329896907
Huntington Beach,California,CA,41.6,499835,509800,2.67,1009635,0.5,2433.62,33.6993975,-118.0094225
Huntsville,Alabama,AL,38.1,458820,486750,2.18,945570,0.51,504.42,34.70903545454546,-86.61436363636365
Independence,Missouri,MO,38.6,271740,314535,2.33,586275,0.54,624.0,39.10230125,-94.388535
Indianapolis,Indiana,IN,34.1,2053075,2189040,2.53,4242115,0.52,1008.19,39.80652135135136,-86.14066486486485
Indio,California,CA,35.9,219015,218615,3.08,437630,0.5,903.5,33.72569,-116.17488499999999
Inglewood,California,CA,34.9,264975,293305,3.12,558280,0.53,5042.62,33.953382,-118.347038
Iowa City,Iowa,IA,25.5,185445,185690,2.36,371135,0.5,758.98,41.6551275,-91.5317175
Irvine,California,CA,34.6,627055,657580,2.73,1284635,0.51,1983.97,33.680504444444445,-117.79216444444445
Irving,Texas,TX,32.3,585945,597140,2.78,1183085,0.5,1384.72,32.858605000000004,-96.96710666666667
Jackson,Mississippi,MS,31.7,395195,458860,2.65,854055,0.54,3108.66,32.32355416666666,-90.20373000000001
Jackson,Tennessee,TN,35.3,150035,184865,2.52,334900,0.55,117.1,35.643995000000004,-88.81037
Jacksonville,Florida,FL,35.7,2096015,2244140,2.62,4340155,0.52,866.18,30.303402580645162,-81.64915483870969
Jacksonville,North Carolina,NC,24.2,200075,136740,2.51,336815,0.41,251.75,34.776475,-77.433335
Jersey City,New Jersey,NJ,34.3,658825,662560,2.57,1321385,0.5,7515.0,40.72439857142857,-74.05711285714285
Johns Creek,Georgia,GA,39.0,201410,215285,3.19,416695,0.52,,,
Johnson City,Tennessee,TN,38.2,155095,171750,2.18,326845,0.53,824.08,36.332724999999996,-82.3820175
Joliet,Illinois,IL,33.1,354315,395810,3.13,750125,0.53,868.66,41.522073999999996,-88.108494
Jonesboro,Arkansas,AR,32.6,178330,191200,2.44,369530,0.52,139.15,35.82745,-90.72116
Jurupa Valley,California,CA,33.8,247150,254420,3.87,501570,0.51,1010.1,34.00326,-117.44494
Kalamazoo,Michigan,MI,26.4,185875,194325,2.36,380200,0.51,800.19,42.29394285714285,-85.59293428571429
Kansas City,Kansas,KS,33.4,373030,383275,2.71,756305,0.51,567.63,39.10973272727272,-94.69032181818183
Kansas City,Missouri,MO,35.9,1142150,1234655,2.35,2376805,0.52,844.29,39.105569400000014,-94.55060900000001
Kendall,Florida,FL,40.2,146632,159232,2.81,305864,0.52,,,
Kenner,Louisiana,LA,36.9,169965,165565,2.57,335530,0.49,1689.85,30.008455,-90.254895
Kennewick,Washington,WA,32.0,192460,202055,2.78,394515,0.51,560.37,46.145446666666665,-119.17951666666666
Kenosha,Wisconsin,WI,36.3,246745,252535,2.55,499280,0.51,1075.25,42.586442500000004,-87.88144249999999
Kent,Washington,WA,33.4,309125,325685,3.06,634810,0.51,1400.78,47.3829225,-122.1922175
Killeen,Texas,TX,29.2,347210,356835,2.72,704045,0.51,548.38,31.06922,-97.73703
Kirkland,Washington,WA,40.8,210795,225540,2.3,436335,0.52,1763.65,47.695944999999995,-122.204065
Kissimmee,Florida,FL,36.7,133132,143476,3.01,276608,0.52,817.13,28.253557142857144,-81.44235857142857
Knoxville,Tennessee,TN,33.1,449890,476670,2.21,926560,0.51,824.02,35.97259882352941,-83.96988588235295
Lafayette,Indiana,IN,33.5,137252,147428,2.19,284680,0.52,969.75,40.400014999999996,-86.8583275
Lafayette,Louisiana,LA,31.7,320090,318215,2.54,638305,0.5,698.22,30.209055999999997,-92.038294
Laguna Niguel,California,CA,45.8,120772,142476,2.58,263248,0.54,1533.3,33.52765,-117.7052
Lake Charles,Louisiana,LA,31.8,178390,201940,2.36,380330,0.53,279.12,30.199772000000003,-93.203578
Lake Forest,California,CA,40.3,207575,204910,2.76,412485,0.5,2407.1,33.64467,-117.68518
Lakeland,Florida,FL,38.1,239200,282850,2.56,522050,0.54,538.39,28.050773333333336,-81.95354
Lakewood,California,CA,39.9,207615,200345,3.13,407960,0.49,3540.63,33.84578,-118.11274333333334
Lakewood,Colorado,CO,37.7,380065,382880,2.29,762945,0.5,,,
Lancaster,California,CA,30.9,403340,402225,3.25,805565,0.5,359.43,34.72526666666666,-118.13272666666667
Lansing,Michigan,MI,31.4,271665,298885,2.39,570550,0.52,1105.54,42.727454285714295,-84.56717285714285
Laredo,Texas,TX,28.8,621525,657420,3.66,1278945,0.51,627.38,27.598626666666664,-99.39612166666666
Largo,Florida,FL,45.1,190830,214205,2.28,405035,0.53,1672.18,27.89375,-82.788964
Las Cruces,New Mexico,NM,32.7,239175,269045,2.58,508220,0.53,322.74,32.32321142857143,-106.82154428571428
Las Vegas,Nevada,NV,37.5,1552840,1566005,2.79,3118845,0.5,1703.17,36.145801395348855,-115.22188674418602
Lauderhill,Florida,FL,35.7,164065,193805,3.02,357870,0.54,,,
Lawrence,Kansas,KS,27.4,227960,241620,2.53,469580,0.51,657.66,38.95161999999999,-95.27287799999999
Lawrence,Massachusetts,MA,30.8,149856,171104,3.17,320960,0.53,4450.83,42.70251666666667,-71.16205666666667
Lawton,Oklahoma,OK,31.1,255495,227800,2.72,483295,0.47,149.4,34.63345666666667,-98.43781000000001
Layton,Utah,UT,29.5,188740,181970,3.2400000000000007,370710,0.49,1113.55,41.081469999999996,-111.955365
League City,Texas,TX,35.9,197416,195984,2.72,393400,0.5,1128.9,29.50205,-95.08652
Lee's Summit,Missouri,MO,36.8,241765,233575,2.68,475340,0.49,,,
Lehigh Acres,Florida,FL,34.3,289280,308120,3.55,597400,0.52,681.18,26.60990166666667,-81.65433666666667
Lewisville,Texas,TX,31.6,263880,260160,2.78,524040,0.5,1191.0,33.04736333333333,-97.01560333333333
Lexington-Fayette  county,Kentucky,KY,34.4,770160,802280,2.34,1572440,0.51,,,
Lincoln,Nebraska,NE,32.3,692720,694010,2.4,1386730,0.5,713.39,40.82021045454545,-96.67886136363636
Little Rock,Arkansas,AR,36.6,484985,504945,2.36,989930,0.51,681.83,34.73815750000001,-92.36704999999999
Livermore,California,CA,36.7,207610,232975,2.91,440585,0.53,157.7,37.640865000000005,-121.68558
Livonia,Michigan,MI,47.4,226845,246320,2.52,473165,0.52,1021.3,42.39712,-83.37336666666666
Long Beach,California,CA,34.6,1190795,1180065,2.78,2370860,0.5,3383.08,33.79466153846154,-118.16427307692308
Longmont,Colorado,CO,36.8,219705,241400,2.63,461105,0.52,560.4,40.16623666666667,-105.11181666666668
Longview,Texas,TX,36.8,200325,207625,2.55,407950,0.51,255.6,32.491664,-94.72824800000001
Lorain,Ohio,OH,35.6,154220,164035,2.52,318255,0.52,981.27,41.43809666666667,-82.17341666666667
Los Angeles,California,CA,35.0,9794990,10064490,2.86,19859480,0.51,5527.21,34.042120615384626,-118.30295107692308
Louisville/Jefferson County metro government,Kentucky,KY,37.5,1492255,1584690,2.45,3076945,0.52,,,
Loveland,Colorado,CO,37.6,185210,190730,2.53,375940,0.51,167.45,40.42714,-105.17843500000001
Lowell,Massachusetts,MA,33.4,272110,281490,2.8,553600,0.51,3432.27,42.6412975,-71.32047750000001
Lubbock,Texas,TX,29.2,611600,633655,2.61,1245255,0.51,1060.71,33.56404928571428,-101.89020142857143
Lynchburg,Virginia,VA,28.7,193070,205990,2.48,399060,0.52,304.38,37.38135,-79.17011
Lynn,Massachusetts,MA,34.8,222990,239305,2.81,462295,0.52,3862.15,42.4723925,-70.958775
Lynwood,California,CA,29.4,142536,145484,4.43,288020,0.51,5635.0,33.92365,-118.20053
Macon,Georgia,GA,36.0,359165,408130,2.46,767295,0.53,462.51,32.838530999999996,-83.66137
Madison,Wisconsin,WI,30.7,612980,631800,2.23,1244780,0.51,2241.18,43.06992533333333,-89.31968266666667
Manchester,New Hampshire,NH,37.3,274225,276890,2.4,551115,0.5,1289.1,42.985202,-71.448918
Manteca,California,CA,35.3,185265,191985,3.25,377250,0.51,407.7,37.787009999999995,-121.217795
Maple Grove,Minnesota,MN,38.6,158900,183005,2.64,341905,0.54,904.8,45.1049,-93.49482
Marysville,Washington,WA,33.2,167180,166685,2.79,333865,0.5,812.55,48.076875,-122.18952
Mayagüez,Puerto Rico,PR,38.1,61598,71564,,133162,0.54,,,
McAllen,Texas,TX,32.3,341660,359605,3.19,701265,0.51,,,
McKinney,Texas,TX,35.6,386695,427740,2.91,814435,0.53,,,
Medford,Oregon,OR,38.6,198030,200945,2.65,398975,0.5,365.15,42.304355,-122.852045
Melbourne,Florida,FL,43.4,195900,204780,2.37,400680,0.51,616.52,28.127274,-80.689662
Memphis,Tennessee,TN,34.1,1561185,1717615,2.55,3278800,0.52,1180.42,35.12127392857143,-89.95117964285714
Menifee,California,CA,37.1,214330,221485,3.06,435815,0.51,756.45,33.7030975,-117.19986750000001
Merced,California,CA,29.7,200240,211960,3.15,412200,0.51,236.67,37.32191333333333,-120.47958999999999
Meridian,Idaho,ID,38.0,216765,237000,2.54,453765,0.52,665.35,43.611625000000004,-116.41597999999999
Mesa,Arizona,AZ,36.9,1174990,1184175,2.68,2359165,0.5,1563.6,33.415165384615385,-111.72949153846153
Mesquite,Texas,TX,34.6,346200,379420,2.96,725620,0.52,1276.13,32.770923333333336,-96.60015
Metairie,Louisiana,LA,41.6,347575,384715,2.39,732290,0.53,2365.74,30.001312000000002,-90.173834
Miami,Florida,FL,40.4,1079200,1125745,2.5,2204945,0.51,3076.35,25.76084660714285,-80.2989444642857
Miami Beach,Florida,FL,42.5,192360,176884,2.1,369244,0.48,3697.16,25.819290000000002,-80.141304
Miami Gardens,Florida,FL,34.9,152157,187440,3.75,339597,0.55,2293.6,25.94921,-80.24562
Midland,Texas,TX,32.1,332975,331775,2.78,664750,0.5,621.6,31.980392000000002,-102.097452
Milpitas,California,CA,36.8,200490,187595,3.3199999999999994,388085,0.48,1315.2,37.44421,-121.87432
Milwaukee,Wisconsin,WI,31.6,1431575,1569195,2.51,3000770,0.52,2311.47,43.05313310344829,-87.96930206896553
Minneapolis,Minnesota,MN,32.4,1032735,1021940,2.26,2054675,0.5,2000.75,44.9831311764706,-93.30762568627449
Miramar,Florida,FL,36.6,264628,283832,3.41,548460,0.52,,,
Mission,Texas,TX,32.9,121590,128331,3.51,249921,0.51,417.2,26.280236666666667,-98.34916
Mission Viejo,California,CA,44.9,244245,241570,2.85,485815,0.5,2032.0,33.60871,-117.65465
Missoula,Montana,MT,34.7,175010,180110,2.15,355120,0.51,439.28,46.88756600000001,-114.048932
Missouri City,Texas,TX,37.2,139728,147384,3.03,287112,0.51,1086.95,29.563125,-95.52464
Mobile,Alabama,AL,38.0,456375,515150,2.4,971525,0.53,600.55,30.684537894736835,-88.1268552631579
Modesto,California,CA,35.2,524260,532025,2.97,1056285,0.5,1283.1,37.658617142857146,-120.98917142857142
Montgomery,Alabama,AL,35.4,472910,530020,2.41,1002930,0.53,487.68,32.36027615384615,-86.28018307692308
Moreno Valley,California,CA,30.7,492920,527985,3.9,1020905,0.52,1613.15,33.91905500000001,-117.212265
Mount Pleasant,South Carolina,SC,42.7,157716,167520,2.53,325236,0.52,592.6,32.84943,-79.823125
Mount Vernon,New York,NY,38.5,159380,183725,2.85,343105,0.54,5868.7,40.912863333333334,-73.82729
Mountain View,California,CA,33.5,212465,189725,2.46,402190,0.47,2875.1,37.39550666666667,-122.07712666666669
Muncie,Indiana,IN,27.4,129784,149020,2.35,278804,0.53,2104.28,40.206512000000004,-85.40164200000001
Murfreesboro,Tennessee,TN,30.2,303520,327085,2.6,630605,0.52,610.72,35.847154,-86.386882
Murrieta,California,CA,35.3,246815,302265,3.3,549080,0.55,776.75,33.565545,-117.24483000000001
Nampa,Idaho,ID,31.4,228255,220995,2.98,449250,0.49,461.33,43.56429333333333,-116.58697666666666
Napa,California,CA,37.2,199140,203005,2.84,402145,0.5,182.7,38.343935,-122.28219
Naperville,Illinois,IL,38.5,356825,378970,2.76,735795,0.52,1140.28,41.7504,-88.1594675
Nashua,New Hampshire,NH,38.3,214630,225245,2.46,439875,0.51,1200.23,42.7554375,-71.487235
Nashville,Tennessee,TN,34.1,1571155,1701825,2.39,3272980,0.52,1624.35,36.14666166666667,-86.79064541666666
New Bedford,Massachusetts,MA,38.6,218965,255830,2.39,474795,0.54,2510.0,41.6515425,-70.9351775
New Braunfels,Texas,TX,37.0,165355,184260,2.85,349615,0.53,194.1,29.730420000000002,-98.130655
New Britain,Connecticut,CT,33.4,149400,141836,2.52,291236,0.49,1916.3,41.670300000000005,-72.78971666666666
New Haven,Connecticut,CT,29.9,318825,332725,2.48,651550,0.51,2985.0,41.313124,-72.92527199999999
New Orleans,Louisiana,LA,35.9,928680,1019405,2.41,1948085,0.52,1807.67,29.972680952380955,-90.05640952380953
New Rochelle,New York,NY,40.6,194355,204835,2.85,399190,0.51,3434.63,40.92104666666667,-73.78371
New York,New York,NY,36.0,20408490,22343535,2.68,42752025,0.52,20498.54,40.76205739130435,-73.97600144927539
Newark,New Jersey,NJ,34.6,690200,719365,2.73,1409565,0.51,5895.23,40.733441111111105,-74.18521555555554
Newport Beach,California,CA,46.8,172644,175880,2.4,348524,0.5,2668.58,33.61637,-117.89934249999999
Newport News,Virginia,VA,32.8,441925,470000,2.46,911925,0.52,1181.66,37.08581142857143,-76.49193142857143
Newton,Massachusetts,MA,42.3,209925,234120,2.71,444045,0.53,2470.9,42.3528,-71.18748
Norfolk,Virginia,VA,30.2,644585,587380,2.51,1231965,0.48,1984.19,36.888164285714275,-76.27170714285715
Norman,Oklahoma,OK,30.9,297415,304070,2.47,601485,0.51,337.34,35.22745,-97.42004800000001
North Charleston,South Carolina,SC,30.7,282745,276575,2.82,559320,0.49,729.83,32.89227,-80.04971
North Las Vegas,Nevada,NV,32.2,581750,592215,3.31,1173965,0.5,1846.64,36.26438857142857,-115.15086999999998
North Little Rock,Arkansas,AR,33.6,126684,139340,2.62,266024,0.52,440.54,34.803548,-92.253868
North Richland Hills,Texas,TX,39.9,176285,169740,2.64,346025,0.49,1451.0,32.861369999999994,-97.217415
Norwalk,California,CA,35.0,265625,270100,3.88,535725,0.5,4144.5,33.90685,-118.08263
Norwalk,Connecticut,CT,42.4,204400,238015,2.7,442415,0.54,1341.4,41.10484,-73.42198166666667
O'Fallon,Missouri,MO,36.0,208810,216350,2.77,425160,0.51,676.6,38.805350000000004,-90.724915
Oakland,California,CA,35.7,1019135,1077255,2.56,2096390,0.51,3578.76,37.79305285714286,-122.21697357142854
Oceanside,California,CA,39.4,437410,441160,2.72,878570,0.5,1287.93,33.2500325,-117.33676999999999
Odessa,Texas,TX,31.2,305595,289305,2.92,594900,0.49,425.12,31.84978,-102.391235
Ogden,Utah,UT,31.3,221615,205635,2.68,427250,0.48,523.04,41.232732,-111.99997600000002
Oklahoma City,Oklahoma,OK,34.1,1546135,1610180,2.58,3156315,0.51,838.89,35.4715311627907,-97.51948720930237
Olathe,Kansas,KS,33.0,325230,346350,2.97,671580,0.52,525.05,38.865615000000005,-94.828785
Omaha,Nebraska,NE,34.2,1093945,1125490,2.47,2219435,0.51,1349.85,41.26023806451614,-96.04545709677419
Ontario,California,CA,31.0,425295,430705,3.5200000000000005,856000,0.5,1761.63,34.04629333333333,-117.61304333333334
Orange,California,CA,35.0,336685,368290,3.14,704975,0.52,2409.44,33.802676,-117.83576599999999
Orem,Utah,UT,26.1,243475,228810,3.2599999999999993,472285,0.48,1734.47,40.30211333333333,-111.70377666666667
Orlando,Florida,FL,33.1,654700,699885,2.42,1354585,0.52,1153.55,28.50203625,-81.3415859375
Oshkosh,Wisconsin,WI,33.0,164525,168260,2.3,332785,0.51,410.8,44.011203333333334,-88.56596666666667
Overland Park,Kansas,KS,38.2,466775,465780,2.41,932555,0.5,1281.74,38.920127777777765,-94.68156777777777
Oxnard,California,CA,31.0,509530,526730,4.08,1036260,0.51,1677.92,34.194154999999995,-119.17587250000001
Palatine,Illinois,IL,38.0,146024,131052,2.69,277076,0.47,1595.1,42.119035,-88.04599
Palm Bay,Florida,FL,40.7,258835,280640,2.82,539475,0.52,618.45,27.9809575,-80.6562925
Palm Coast,Florida,FL,48.8,197445,213160,2.76,410605,0.52,417.9,29.531905,-81.220305
Palmdale,California,CA,32.6,381805,409945,3.54,791750,0.52,192.3,34.54707,-118.039495
Palo Alto,California,CA,40.2,157255,176985,2.55,334240,0.53,1948.32,37.42303749999999,-122.14347500000001
Paradise,Nevada,NV,37.2,613920,570810,2.65,1184730,0.48,,,
Parma,Ohio,OH,40.8,192125,207590,2.42,399715,0.52,,,
Pasadena,California,CA,37.6,338560,372670,2.63,711230,0.52,3038.12,34.1531,-118.13516666666668
Pasadena,Texas,TX,31.5,394135,374795,2.95,768930,0.49,1357.35,29.669448333333335,-95.15866166666666
Pasco,Washington,WA,28.6,176490,163995,3.45,340485,0.48,66.3,46.38449,-118.94392
Passaic,New Jersey,NJ,30.4,146020,138308,3.56,284328,0.49,8625.6,40.8575,-74.12821
Paterson,New Jersey,NJ,34.0,353200,385585,3.37,738785,0.52,6781.96,40.91629666666667,-74.16227555555557
Pawtucket,Rhode Island,RI,39.2,180360,177555,2.41,357915,0.5,3043.95,41.874275,-71.370285
Pearland,Texas,TX,33.9,261680,296645,3.0,558325,0.53,906.35,29.55324,-95.31416999999999
Pembroke Pines,Florida,FL,40.3,385250,447870,2.94,833120,0.54,1802.9,26.01853,-80.34488
Peoria,Arizona,AZ,36.9,400695,455515,2.97,856210,0.53,1222.08,33.6597425,-112.24308
Peoria,Illinois,IL,33.1,281145,312160,2.4,593305,0.53,1989.42,40.703466666666664,-89.62575444444445
Perris,California,CA,26.9,166492,133344,4.78,299836,0.44,613.15,33.804735,-117.26062
Pharr,Texas,TX,26.899999999999995,105726,123879,3.67,229605,0.54,949.5,26.15047,-98.19104
Philadelphia,Pennsylvania,PA,34.1,3706350,4130860,2.61,7837210,0.53,5442.1,39.99644081632655,-75.14815857142855
Phoenix,Arizona,AZ,33.8,3934165,3880840,2.89,7815005,0.5,1722.39,33.52781761904762,-112.08386928571429
Pine Hills,Florida,FL,29.2,141376,162948,3.3,304324,0.54,,,
Pittsburg,California,CA,34.5,166545,180590,3.15,347135,0.52,1255.6,38.01584,-121.90708
Pittsburgh,Pennsylvania,PA,32.9,748450,773475,2.13,1521925,0.51,1767.87,40.44568487804878,-79.97941585365857
Plano,Texas,TX,38.1,692825,725270,2.65,1418095,0.51,1557.27,33.047599999999996,-96.73159285714287
Plantation,Florida,FL,40.6,171524,198696,2.73,370220,0.54,,,
Pleasanton,California,CA,41.3,183310,214285,2.87,397595,0.54,677.45,37.6933,-121.87047
Plymouth,Minnesota,MN,38.4,195175,184465,2.46,379640,0.49,,,
Poinciana,Florida,FL,34.2,190710,179005,3.9300000000000006,369715,0.48,,,
Pomona,California,CA,32.1,374725,391535,3.63,766260,0.51,2597.57,34.062376666666665,-117.762
Pompano Beach,Florida,FL,42.5,282845,256010,2.55,538855,0.48,1989.73,26.263297,-80.17760100000001
Ponce,Puerto Rico,PR,40.5,56968,64615,,121583,0.53,1410.2,18.027555999999997,-66.62494799999999
Port Saint Lucie,Florida,FL,42.1,420345,476705,2.91,897050,0.53,695.35,27.287541666666666,-80.37853166666666
Portland,Maine,ME,40.3,157400,176960,2.13,334360,0.53,1407.98,43.670555,-70.26381
Portland,Oregon,OR,36.7,1567580,1593355,2.43,3160935,0.5,2113.96,45.51870676470587,-122.6596488235294
Portsmouth,Virginia,VA,33.6,229500,251505,2.54,481005,0.52,1337.96,36.83183714285714,-76.33319571428572
Providence,Rhode Island,RI,29.9,445450,450570,2.72,896020,0.5,4642.4,41.8235125,-71.4186575
Provo,Utah,UT,23.6,281155,295135,3.28,576290,0.51,783.27,40.26163,-111.63794
Pueblo,Colorado,CO,37.6,278175,268920,2.44,547095,0.49,194.4,38.26217857142857,-104.6604657142857
Quincy,Massachusetts,MA,41.0,220645,247500,2.39,468145,0.53,2973.23,42.26743333333334,-71.01465333333333
Racine,Wisconsin,WI,33.7,196570,192115,2.56,388685,0.49,1023.48,42.739436,-87.83011200000001
Raleigh,North Carolina,NC,32.8,1095920,1163825,2.42,2259745,0.52,1017.82,35.826463999999994,-78.65089333333334
Rancho Cordova,California,CA,33.8,174220,180910,2.86,355130,0.51,897.9,38.589915000000005,-121.23918499999999
Rancho Cucamonga,California,CA,34.5,440635,435525,3.18,876160,0.5,1425.95,34.140074999999996,-117.56858
Rapid City,South Dakota,SD,39.5,180610,187230,2.31,367840,0.51,115.63,44.05938666666666,-103.21310999999999
Reading,Pennsylvania,PA,29.4,218340,221025,2.95,439365,0.5,1766.58,40.33699700000001,-75.946029
Redding,California,CA,38.8,212650,245245,2.42,457895,0.54,165.3,40.9097125,-122.58549
Redlands,California,CA,36.2,169965,185175,2.82,355140,0.52,606.1,34.035745000000006,-117.16134
Redondo Beach,California,CA,43.0,174275,166650,2.34,340925,0.49,4033.5,33.85199,-118.37748500000001
Redwood City,California,CA,37.1,213380,213120,2.64,426500,0.5,2050.05,37.4782975,-122.24968
Reno,Nevada,NV,35.7,611460,595755,2.46,1207215,0.49,804.38,39.5783075,-119.81541499999999
Renton,Washington,WA,36.3,263895,237340,2.57,501235,0.47,1249.82,47.475056,-122.17134000000001
Rialto,California,CA,31.6,249510,266175,3.8299999999999996,515685,0.52,1605.35,34.13361,-117.39148499999999
Richardson,Texas,TX,35.5,273380,280755,2.83,554135,0.51,1539.23,32.97144333333333,-96.70485333333333
Richmond,California,CA,35.3,263075,285500,2.87,548575,0.52,1598.05,37.928967500000006,-122.34134750000001
Richmond,Virginia,VA,33.6,523965,577480,2.29,1101445,0.52,1127.83,37.53124937500001,-77.47217187499999
Rio Rancho,New Mexico,NM,38.3,236255,234520,2.86,470775,0.5,245.65,35.295835,-106.746305
Riverside,California,CA,31.4,803065,809050,3.34,1612115,0.5,1283.37,33.92988857142857,-117.38977
Riverview,Florida,FL,32.2,221050,227680,3.22,448730,0.51,782.6,27.83499,-82.30802333333334
Roanoke,Virginia,VA,36.9,236260,263225,2.35,499485,0.53,829.26,37.281448,-79.95438600000001
Rochester,Minnesota,MN,35.0,274670,286410,2.55,561080,0.51,248.16,44.032039999999995,-92.470922
Rochester,New York,NY,31.4,500675,548365,2.36,1049040,0.52,1964.25,43.16776666666667,-77.62041583333333
Rochester Hills,Michigan,MI,41.2,181780,185380,2.66,367160,0.5,,,
Rock Hill,South Carolina,SC,34.5,166620,191215,2.29,357835,0.53,2181.17,34.93203333333333,-81.04402666666668
Rockford,Illinois,IL,36.3,355380,391350,2.52,746730,0.52,606.02,42.271846666666676,-89.05487111111111
Rockville,Maryland,MD,38.1,156025,178965,2.6,334990,0.53,1860.7,39.080875000000006,-77.1306
Roseville,California,CA,38.4,312955,338455,2.72,651410,0.52,1131.1,38.76224,-121.30318333333334
Roswell,Georgia,GA,38.8,243185,229295,2.7,472480,0.49,927.75,34.040465,-84.35253
Round Rock,Texas,TX,34.9,283230,295965,3.13,579195,0.51,1182.47,30.527649999999998,-97.67141666666667
Sacramento,California,CA,33.7,1188620,1264955,2.73,2453575,0.52,1842.6,38.57135428571428,-121.4394560714286
Saint Charles,Missouri,MO,34.9,160270,183735,2.33,344005,0.53,515.2,38.769846666666666,-90.55848666666667
Saint Cloud,Minnesota,MN,30.7,171555,169710,2.41,341265,0.5,389.6,45.5293,-94.16889333333334
Saint George,Utah,UT,37.3,193660,207375,2.81,401035,0.52,354.1,37.111019999999996,-113.58318
Saint Joseph,Missouri,MO,35.7,188440,192040,2.58,380480,0.5,456.6,39.76058666666667,-94.83289666666667
Saint Louis,Missouri,MO,35.0,765130,813295,2.16,1578425,0.52,1485.98,38.63840130434782,-90.29992391304349
Saint Paul,Minnesota,MN,31.5,747735,756465,2.58,1504200,0.5,1365.14,44.94958096774194,-93.10023838709677
Saint Petersburg,Florida,FL,41.8,617620,667820,2.42,1285440,0.52,1702.97,27.78151375,-82.68654187500002
Salem,Oregon,OR,35.4,404195,418520,2.69,822715,0.51,610.64,44.950275714285716,-123.01715857142857
Salinas,California,CA,30.4,388825,398105,3.72,786930,0.51,1069.08,36.689657999999994,-121.627586
Salt Lake City,Utah,UT,32.1,491820,471480,2.38,963300,0.49,1344.76,40.724918,-111.86131200000003
San Angelo,Texas,TX,32.8,248345,253720,2.5,502065,0.51,138.7,31.4547925,-100.44567
San Antonio,Texas,TX,33.1,3607025,3742095,2.93,7349120,0.51,1183.62,29.47113966101694,-98.5150881355932
San Bernardino,California,CA,28.5,543355,537330,3.55,1080685,0.5,1390.41,34.13682285714286,-117.30276142857143
San Buenaventura,California,CA,37.7,269660,278925,2.68,548585,0.51,,,
San Clemente,California,CA,45.2,136304,125824,2.64,262128,0.48,1342.65,33.448385,-117.61071
San Diego,California,CA,34.5,3469130,3505405,2.73,6974535,0.5,2135.0,32.78892378378378,-117.13691702702704
San Francisco,California,CA,38.3,2198760,2125320,2.37,4324080,0.49,8160.92,37.764228571428575,-122.42852678571428
San Jose,California,CA,36.5,2591585,2543010,3.13,5134595,0.5,2733.61,37.30926107142858,-121.85946321428573
San Juan,Puerto Rico,PR,41.4,466224,560487,,1026711,0.55,5381.54,18.42208777777778,-66.06350277777777
San Leandro,California,CA,41.8,215160,238395,2.79,453555,0.53,2854.13,37.702760000000005,-122.14968666666668
San Marcos,California,CA,35.4,226230,238440,3.13,464670,0.51,1175.75,33.145025000000004,-117.17186000000001
San Mateo,California,CA,39.3,254830,262790,2.64,517620,0.51,3191.65,37.552459999999996,-122.30623
San Ramon,California,CA,39.1,196105,184555,3.09,380660,0.48,1085.2,37.75932,-121.94405
San Tan Valley,Arizona,AZ,31.3,202145,211840,3.44,413985,0.51,482.25,33.201575,-111.531405
Sandy,Utah,UT,34.6,234615,233445,3.22,468060,0.5,1435.88,40.5753525,-111.8307175
Sandy Springs,Georgia,GA,35.4,242850,283885,2.4,526735,0.54,,,
Santa Ana,California,CA,30.8,837515,839600,4.58,1677115,0.5,4613.7,33.74147333333333,-117.87367833333333
Santa Barbara,California,CA,37.8,225340,233920,2.51,459260,0.51,1145.56,34.448832857142854,-119.72892571428572
Santa Clara,California,CA,35.2,316390,314690,2.75,631080,0.5,4139.08,37.360479999999995,-121.95974749999999
Santa Clarita,California,CA,38.1,450960,460875,3.02,911835,0.51,437.75,34.47822,-118.446445
Santa Fe,New Mexico,NM,44.1,203005,217555,2.41,420560,0.52,110.28,35.660938,-105.95505399999999
Santa Maria,California,CA,30.1,266600,258810,3.8299999999999996,525410,0.49,336.33,34.907473333333336,-120.38409
Santa Monica,California,CA,40.6,233660,232435,2.0,466095,0.5,4108.12,34.024106,-118.48561399999998
Santa Rosa,California,CA,37.9,434200,440745,2.7,874945,0.5,698.03,38.451631666666664,-122.70107333333333
Savannah,Georgia,GA,30.3,346945,381475,2.57,728420,0.52,542.5,32.031061,-81.11284300000001
Schaumburg,Illinois,IL,36.9,179855,199200,2.72,379055,0.53,1383.45,42.041002500000005,-88.08774249999999
Schenectady,New York,NY,36.7,161990,164505,2.82,326495,0.5,1364.75,42.80602375,-73.93826
Scottsdale,Arizona,AZ,46.9,578560,605660,2.17,1184220,0.51,858.43,33.60620545454546,-111.87848090909091
Scranton,Pennsylvania,PA,38.5,151900,156548,2.39,308448,0.51,1134.24,41.42587,-75.64794499999999
Seattle,Washington,WA,35.5,1728295,1693920,2.13,3422215,0.49,3800.42,47.59357789473684,-122.32948394736842
Shawnee,Kansas,KS,40.1,161565,163725,2.64,325290,0.5,695.82,39.018314000000004,-94.7813
Shreveport,Louisiana,LA,35.2,465690,519280,2.53,984970,0.53,540.25,32.44725,-93.78220499999998
Silver Spring,Maryland,MD,33.8,203005,209310,2.6,412315,0.51,2348.37,39.05046142857143,-77.01401857142856
Simi Valley,California,CA,39.0,316215,317615,3.13,633830,0.5,768.6,34.28241,-118.72939500000001
Sioux City,Iowa,IA,34.3,194135,219745,2.57,413880,0.53,393.01,42.51176375,-96.393125
Sioux Falls,South Dakota,SD,34.6,432980,424670,2.38,857650,0.5,940.89,43.53930999999999,-96.73636777777777
Skokie,Illinois,IL,43.4,125528,133748,2.78,259276,0.52,2470.85,42.035015,-87.743535
Somerville,Massachusetts,MA,31.0,205140,196530,2.43,401670,0.49,7684.8,42.391376666666666,-71.10273666666667
South Bend,Indiana,IN,32.4,252415,266370,2.72,518785,0.51,936.57,41.681549000000004,-86.264121
South Gate,California,CA,32.5,238790,243205,3.97,481995,0.5,5002.2,33.9446,-118.19262
South Jordan,Utah,UT,33.8,101007,98910,3.61,199917,0.49,1217.1,40.55724,-111.9789
South San Francisco,California,CA,39.4,170885,165470,3.3299999999999996,336355,0.49,2523.5,37.65554,-122.42212
Southfield,Michigan,MI,41.6,156845,209040,2.27,365885,0.57,1112.9,42.4802625,-83.26027500000001
Sparks,Nevada,NV,36.1,238900,241590,2.63,480490,0.5,604.42,39.58831000000001,-119.68837500000001
Spokane,Washington,WA,36.6,513780,552555,2.34,1066335,0.52,1069.84,47.67672214285715,-117.37590571428572
Spokane Valley,Washington,WA,36.0,249665,224875,2.39,474540,0.47,,,
Spring Hill,Florida,FL,45.1,241475,274510,2.58,515985,0.53,544.4,28.46299,-82.55923600000001
Spring Valley,Nevada,NV,37.0,484040,485735,2.79,969775,0.5,,,
Springdale,Arkansas,AR,31.8,184200,218070,3.04,402270,0.54,309.15,36.18307,-94.1409
Springfield,Illinois,IL,38.8,278195,310850,2.22,589045,0.53,645.64,39.79053,-89.65274857142856
Springfield,Massachusetts,MA,31.8,373720,397960,2.81,771680,0.52,1823.31,42.110296363636365,-72.55171636363637
Springfield,Missouri,MO,34.1,405285,428705,2.12,833990,0.51,798.97,37.18566285714286,-93.29018714285715
Stamford,Connecticut,CT,35.4,324705,319680,2.7,644385,0.5,2503.88,41.084801666666664,-73.54052666666666
Sterling Heights,Michigan,MI,39.6,259940,268308,2.66,528248,0.51,1409.62,42.5830675,-83.0332675
Stockton,California,CA,32.5,754880,773370,3.16,1528250,0.51,1612.9,37.988215,-121.31455666666666
Suffolk,Virginia,VA,38.2,215240,225565,2.72,440805,0.51,143.37,36.77508,-76.5893257142857
Sugar Land,Texas,TX,42.1,175556,176960,2.95,352516,0.5,1133.1,29.609826666666663,-95.63164333333333
Sunnyvale,California,CA,35.7,397400,361400,2.74,758800,0.48,2926.63,37.3808175,-122.02293499999999
Sunrise,Florida,FL,37.7,165884,204940,2.98,370824,0.55,,,
Sunrise Manor,Nevada,NV,32.5,467525,495515,3.25,963040,0.51,,,
Surprise,Arizona,AZ,39.4,314375,327835,2.9,642210,0.51,960.7,33.641705,-112.40554
Syracuse,New York,NY,30.3,347310,373450,2.39,720760,0.52,1412.28,43.052495,-76.15308625
Tacoma,Washington,WA,37.7,504570,535180,2.48,1039750,0.51,1833.56,47.216158,-122.45749
Tallahassee,Florida,FL,26.2,446950,502520,2.38,949470,0.53,384.05,30.46085454545454,-84.25902636363637
Tampa,Florida,FL,35.3,877585,967555,2.47,1845140,0.52,1529.56,27.99843851851852,-82.4807914814815
Temecula,California,CA,34.2,272035,288095,3.34,560130,0.51,450.03,33.51033,-117.11944333333334
Tempe,Arizona,AZ,28.8,456750,422380,2.44,879130,0.48,1776.32,33.3810175,-111.9323375
Temple,Texas,TX,33.6,167560,193925,2.59,361485,0.54,174.82,31.096729999999997,-97.35039749999999
The Woodlands,Texas,TX,38.8,280415,315305,2.93,595720,0.53,,,
Thornton,Colorado,CO,33.1,327410,339885,2.97,667295,0.51,1966.1,39.92873,-104.95508
Thousand Oaks,California,CA,44.8,325565,321080,2.79,646645,0.5,935.85,34.203035,-118.850415
Toledo,Ohio,OH,36.1,677275,721615,2.29,1398890,0.52,1318.51,41.66742466666667,-83.58759733333335
Toms River,New Jersey,NJ,43.7,219320,219430,2.71,438750,0.5,730.67,39.97825666666667,-74.21210333333333
Topeka,Kansas,KS,37.1,304395,331890,2.32,636285,0.52,517.36,39.04043222222222,-95.71081666666666
Torrance,California,CA,41.2,366045,376295,2.7,742340,0.51,2426.52,33.844955,-118.32838166666666
Town 'n' Country,Florida,FL,38.1,197050,197930,2.61,394980,0.5,,,
Tracy,California,CA,35.5,215780,219685,3.4200000000000004,435465,0.5,823.1,37.7088225,-121.48352
Trenton,New Jersey,NJ,33.3,212905,208250,3.04,421155,0.49,2153.75,40.223245454545456,-74.73451545454546
Troy,Michigan,MI,43.3,211855,204525,2.59,416380,0.49,970.25,42.579350000000005,-83.1478175
Tucson,Arizona,AZ,33.6,1324465,1333905,2.45,2658370,0.5,685.84,32.23594428571428,-110.9596354285714
Tulsa,Oklahoma,OK,35.0,987185,1028270,2.37,2015455,0.51,886.24,36.13525857142857,-95.93568571428571
Turlock,California,CA,36.2,165950,195515,2.76,361465,0.54,820.15,37.500185,-120.86086
Tuscaloosa,Alabama,AL,29.1,236465,255225,2.67,491690,0.52,318.02,33.208845,-87.52823999999998
Tustin,California,CA,33.4,197555,205260,3.2700000000000005,402815,0.51,2967.95,33.73686,-117.801935
Tyler,Texas,TX,33.9,252110,266415,2.59,518525,0.51,263.07,32.35499444444445,-95.28531555555554
Union City,California,CA,38.5,192995,179555,3.46,372550,0.48,1462.9,37.60315,-122.01865
Union City,New Jersey,NJ,35.4,176880,168865,2.85,345745,0.49,20359.6,40.76736,-74.03227
Upland,California,CA,39.7,181130,201105,2.77,382235,0.53,1710.85,34.123149999999995,-117.66009
Urban Honolulu,Hawaii,HI,41.4,884035,879795,2.69,1763830,0.5,,,
Vacaville,California,CA,35.8,250455,233515,2.9,483970,0.48,395.0,38.37303,-121.97153
Vallejo,California,CA,37.8,291895,314450,2.83,606345,0.52,1137.47,38.12072,-122.23859499999999
Vancouver,Washington,WA,37.2,414790,449475,2.49,864265,0.52,1217.52,45.665110909090906,-122.60514636363636
Victoria,Texas,TX,35.8,129160,141164,2.7,270324,0.52,314.63,28.819869999999998,-97.01511
Victorville,California,CA,30.6,304945,306235,3.47,611180,0.5,690.1,34.512706666666666,-117.35180666666668
Virginia Beach,Virginia,VA,35.4,1113420,1150305,2.61,2263725,0.51,1424.67,36.809326666666664,-76.06189666666667
Visalia,California,CA,32.6,318475,331995,3.11,650470,0.51,308.13,36.35532333333333,-119.32453
Vista,California,CA,29.3,202720,200816,3.52,403536,0.5,1596.7,33.194786666666666,-117.23129999999999
Waco,Texas,TX,29.3,317260,344450,2.57,661710,0.52,2581.31,31.55600222222222,-97.14332777777777
Waldorf,Maryland,MD,33.6,178200,199360,2.69,377560,0.53,560.8,38.60901666666667,-76.90737
Walnut Creek,California,CA,47.6,127976,147648,2.22,275624,0.54,1423.58,37.89510249999999,-122.04472
Warner Robins,Georgia,GA,31.4,175465,194545,2.5,370010,0.53,437.23,32.616203333333324,-83.62626666666667
Warren,Michigan,MI,43.2,320315,356465,2.45,676780,0.53,1306.68,42.496195,-83.02527166666667
Warwick,Rhode Island,RI,42.6,157156,169636,2.4,326792,0.52,1065.3,41.72001,-71.42032999999999
Washington,District of Columbia,DC,33.8,1598525,1762615,2.24,3361140,0.52,3541.0,38.9015331372549,-77.02665784313726
Waterbury,Connecticut,CT,36.2,261175,282860,2.71,544035,0.52,1950.17,41.557271666666665,-73.03467833333333
Waterloo,Iowa,IA,37.2,172440,169845,2.42,342285,0.5,339.93,42.47393333333333,-92.31143333333334
Waukegan,Illinois,IL,32.3,227570,214165,2.92,441735,0.48,1288.65,42.378385,-87.86102500000001
Waukesha,Wisconsin,WI,35.8,181315,178565,2.35,359880,0.5,578.1,42.999583333333334,-88.25890666666665
West Covina,California,CA,39.8,258145,284300,3.56,542445,0.52,2653.2,34.05142,-117.91055666666666
West Jordan,Utah,UT,30.8,289490,270220,3.46,559710,0.48,1581.47,40.60695666666666,-111.98773333333332
West Palm Beach,Florida,FL,39.6,246310,287600,2.53,533910,0.54,1493.62,26.72332333333333,-80.11379833333334
West Valley City,Utah,UT,30.7,341175,339945,3.81,681120,0.5,1577.57,40.69982666666667,-111.99801333333335
Westland,Michigan,MI,39.9,188710,221265,2.41,409975,0.54,1554.85,42.31526,-83.37957499999999
Westminster,California,CA,42.9,227690,232865,3.2700000000000005,460555,0.51,3516.2,33.75252,-117.99406
Westminster,Colorado,CO,37.8,274330,291255,2.63,565585,0.51,1978.3,39.852959999999996,-105.03878
Weston,Florida,FL,38.6,164780,184955,3.34,349735,0.53,,,
Whittier,California,CA,36.1,221985,215195,3.11,437180,0.49,2717.0,33.96389333333334,-118.02457833333334
Wichita,Kansas,KS,34.6,961770,988005,2.56,1949775,0.51,675.4,37.69225925925926,-97.32725074074072
Wichita Falls,Texas,TX,34.0,278875,244670,2.41,523545,0.47,475.26,33.89439857142857,-98.49778714285715
Wilmington,Delaware,DE,36.4,163400,196385,2.45,359785,0.55,1438.73,39.762359,-75.567373
Wilmington,North Carolina,NC,35.5,261730,318005,2.24,579735,0.55,613.02,34.22497833333333,-77.88060499999999
Winston-Salem,North Carolina,NC,34.7,562600,643560,2.47,1206160,0.53,,,
Woodbury,Minnesota,MN,37.7,127928,143472,2.72,271400,0.53,,,
Worcester,Massachusetts,MA,34.9,454755,469275,2.43,924030,0.51,2200.3,42.26602999999999,-71.80818777777777
Wyoming,Michigan,MI,32.8,179835,196550,2.65,376385,0.52,1452.5,42.897735,-85.70580000000001
Yakima,Washington,WA,34.0,225735,242765,2.74,468500,0.52,560.55,46.6113275,-120.67129249999999
Yonkers,New York,NY,38.0,482900,522690,2.8,1005590,0.52,4836.8,40.942122,-73.87186
Yorba Linda,California,CA,45.5,159800,180030,3.0,339830,0.53,1070.0,33.890585,-117.7642
Youngs,Ohio,OH,37.5,153790,169255,2.22,323045,0.52,,,
Yuba City,California,CA,34.5,168270,166450,2.9,334720,0.5,277.55,39.052165,-121.650655
Yuma,Arizona,AZ,33.4,241490,229235,2.64,470725,0.49,312.2,32.81793,-114.40160666666667
